nombre,precio,correo
Macbook Air M1,759.0,pipemendezri@gmail.com
Lenovo ThinkPad,5000.0,otrocorreo@example.com
Johnson-Graham,2020.45,taylorrebecca@example.com
Lewis-Hernandez,2245.97,ramireznorman@example.com
Coleman PLC,4373.6,leeryan@example.org
"Henry, Scott and Nunez",3034.93,holmeskathy@example.com
"Ramos, Compton and Bowen",2864.6,frederickgarcia@example.org
Gaines Inc,3395.3,jameswells@example.com
"Holloway, Day and Martin",544.55,goodelizabeth@example.net
Atkins Inc,593.01,curtisfox@example.org
"Krueger, Austin and Ball",2911.09,samanthasantos@example.com
Williams Ltd,2129.41,jeremyjames@example.net
Cortez PLC,3218.71,perrydenise@example.net
Bell LLC,4676.32,tiffany02@example.org
"Harris, Young and James",4235.46,amanda39@example.org
Gomez LLC,1204.95,sosasteven@example.net
Carrillo PLC,3448.98,nunezchristine@example.org
Jimenez-Johnson,2473.97,dmorse@example.com
Vargas Inc,519.2,aaron80@example.com
Hale-Lopez,4177.33,matthew51@example.org
"Melton, Ellis and Ward",3277.87,charlescontreras@example.net
Scott LLC,391.51,staylor@example.org
Robinson-Ingram,3799.71,yhuffman@example.com
Carter Ltd,582.16,zmorales@example.net
Huynh-Sanchez,3380.72,jeremyford@example.net
Phillips LLC,2636.99,hmccall@example.org
"Gregory, Smith and Villegas",1044.46,patriciaboyd@example.com
West Group,4397.47,erika47@example.net
"Colon, Black and Velasquez",2015.71,brittany40@example.net
Harrington-Morales,4938.29,kimshelly@example.net
Casey-White,1306.32,stephanieberry@example.net
Chang-Bennett,4577.85,clarkeric@example.com
Thomas-Wilkins,997.35,susan71@example.net
"Shepard, Gibson and Thompson",768.98,riveranatasha@example.org
"Braun, Evans and Smith",4764.58,abbottjames@example.com
Smith and Sons,2409.46,james88@example.org
Moore-Ware,4027.26,vegavalerie@example.org
Roberts-Green,632.52,melaniemay@example.com
"Smith, Stephens and Barrett",4451.68,daniel79@example.net
Sexton and Sons,3434.47,judith52@example.org
Giles and Sons,4464.93,jasoncruz@example.com
"Flowers, Caldwell and Melendez",197.54,donnamurray@example.com
Brown and Sons,260.93,zrodgers@example.net
Todd-Mercado,891.33,april40@example.org
Romero Inc,471.7,butlersteven@example.net
"Cervantes, Wilson and Lozano",2401.25,rachel40@example.org
"Hall, Gonzalez and Gonzalez",3782.32,lstevenson@example.com
Ward-Cortez,3077.97,keith59@example.org
Dean and Sons,2376.44,cunninghamjonathan@example.net
"Rivera, Duran and Bailey",1256.07,lynn94@example.com
"Meadows, Delacruz and Garcia",2315.57,cory61@example.com
Bush-Lynch,2793.08,caleb51@example.net
"Medina, Johnson and Lawson",4717.31,andrewpowell@example.org
Stafford PLC,3437.47,monroediane@example.org
"Reed, Blake and Gomez",3399.33,waltonsarah@example.org
Holden-Wheeler,3514.05,cshepherd@example.net
"Boyer, Combs and Rogers",321.02,fisherandrea@example.com
Lester LLC,1623.39,cheryl57@example.org
"Davis, Paul and Chandler",4514.32,istevens@example.org
"Hill, Henson and Curry",3336.73,emiller@example.com
"Phillips, Odonnell and Rodriguez",1511.9,erinchavez@example.org
"Walker, Chung and Gray",767.67,joseph46@example.net
Benson Ltd,4378.68,thompsonshirley@example.net
"Perez, Foley and Dunlap",2645.72,qking@example.com
Robinson-Reid,561.62,mrocha@example.com
Burns Inc,4035.34,katherine42@example.org
"Ward, Harding and Merritt",3861.98,susan47@example.net
Hughes LLC,178.45,charles61@example.net
Fowler LLC,342.32,criddle@example.org
Gould-Navarro,3026.37,grahamstephanie@example.net
Morgan-Clayton,2375.06,qhaas@example.org
Morgan LLC,493.2,lcox@example.com
"Callahan, Bailey and Conrad",3861.78,sarahubbard@example.net
Holmes-Ibarra,3895.3,alicia00@example.com
"Greer, Hayden and Ward",1913.18,khumphrey@example.com
Moore Group,3649.83,campbellmeagan@example.com
"Miller, Brooks and Barnett",356.71,kerrymitchell@example.com
Mann-Hernandez,163.72,stevenblanchard@example.org
Reilly and Sons,2145.46,kimberlybradford@example.net
Foster PLC,2456.07,jonathansnyder@example.com
Clark Group,1912.91,averyandre@example.com
"Spencer, Martinez and Clayton",976.85,davidsoncurtis@example.com
Mayer Ltd,1637.66,ashleyowens@example.net
Harris Inc,3596.61,virginia22@example.net
Rangel-Gray,4410.74,jasonduncan@example.org
Brown Group,1199.09,kristiespinoza@example.net
Guzman Group,4815.85,adambaxter@example.net
Richardson-Brown,1388.83,montgomerytodd@example.com
"Olson, Robinson and Walker",658.91,michelemorris@example.org
"Burton, Avila and Wong",3909.18,floresgeorge@example.org
Anderson-Hall,4970.26,brentmelendez@example.net
Harrison Group,2308.34,holly09@example.org
Glenn-Clark,3305.17,whiteanthony@example.com
Blackwell-Miller,4577.98,lorizimmerman@example.com
"Powell, Neal and Mcdowell",4270.42,mullencynthia@example.net
Davenport-Young,2536.05,morenosamuel@example.com
"Sullivan, Mata and Greene",2889.64,briandavis@example.com
"Cummings, Johnson and Abbott",4536.72,kyle82@example.com
"Harris, Abbott and Marks",4325.73,hlewis@example.org
"Jimenez, Russell and Hartman",1496.36,linjonathan@example.com
Ramirez-Cruz,2100.63,cassidysmith@example.com
Lee-Davis,1501.74,barnesderek@example.org
Boyle Inc,4613.35,rogersjasmine@example.com
Weaver-Duncan,4724.26,alexis39@example.net
Ryan PLC,455.25,derekconway@example.com
Jacobs Inc,4831.72,boydjustin@example.net
"Gordon, Collins and Fletcher",516.4,tvaughn@example.org
"Moran, Reese and Cunningham",3656.32,angel42@example.com
"Espinoza, Lynch and Johnson",4929.49,alexahardy@example.com
"Gill, Bowman and Cole",696.9,jesse16@example.org
"Cohen, Dennis and Adams",1005.78,robertlewis@example.com
Gonzalez-Delgado,4220.83,patriciagrant@example.net
"Conner, Brewer and Scott",3845.9,xgarcia@example.org
"Jimenez, Jordan and Wolfe",2427.12,ymoore@example.org
Andrews PLC,1411.67,sramos@example.com
"Thomas, Smith and Cruz",4054.18,benjamin81@example.net
Cain-Smith,2721.89,emmakennedy@example.com
Morris-Shepherd,1526.58,joshua04@example.org
Torres PLC,3890.07,mary90@example.org
Poole Inc,3090.9,shelly64@example.com
"Dickerson, Williams and Robinson",3121.04,carol45@example.org
"Campbell, Franco and Gonzalez",4345.3,ewalker@example.net
"Cole, Cantrell and Richardson",4378.29,doughertyalejandra@example.org
Ramirez-Hudson,4394.9,zramirez@example.com
Copeland and Sons,1361.84,fvelazquez@example.com
"Mcintosh, Washington and Harris",510.58,eric49@example.net
Wells Group,3811.73,handersen@example.com
"Blair, Hughes and Baker",4696.45,alyssawhitaker@example.net
Roth-Lee,1212.42,robinsonjudy@example.org
Espinoza PLC,2644.75,kbutler@example.org
"Jones, Jones and Blevins",2856.96,delgadojustin@example.com
"Oliver, Taylor and Flores",234.78,rhondagardner@example.net
Anderson PLC,2862.81,flamb@example.org
Riley Group,318.77,uperez@example.com
"Price, Clark and Escobar",3892.36,gbell@example.net
"Barnett, Wilson and Costa",1104.99,bryancooper@example.com
Turner-Hernandez,2048.55,bethany54@example.com
Wolfe-Chandler,346.62,sharon84@example.net
Marks Inc,202.58,melanie43@example.org
Garcia PLC,2103.53,pamela12@example.com
Collins PLC,1356.57,andrewmyers@example.net
Norman-Simpson,3984.79,wesley73@example.org
"Mercado, Castro and Cameron",3918.7,williamslisa@example.net
Pugh and Sons,3881.9,annasoto@example.org
Shields PLC,3287.31,kathryncollins@example.net
"Sanchez, Vasquez and Steele",516.34,johnking@example.net
Boone and Sons,3805.33,jacksonmichelle@example.net
"Soto, Bell and Olsen",963.43,santoschristopher@example.org
Garcia-Wise,4638.27,gmcclain@example.com
Mccoy-Mckay,4968.71,munozkaren@example.com
Thomas Group,4632.91,charlescox@example.net
Johnson Group,1064.81,bradleymelissa@example.org
Anderson-Downs,1091.77,kara18@example.com
"Farmer, Foley and Mcgee",3588.87,sbarr@example.org
"Butler, Robinson and Wood",3516.17,mooneymark@example.org
"Clements, Miller and Reed",4713.92,npierce@example.com
Delgado-Hancock,3567.0,iphillips@example.net
Anderson Inc,4879.95,amandawilson@example.net
"Young, Holmes and Sanders",4233.79,reyesholly@example.org
Le PLC,1311.85,erica24@example.com
Fisher-Smith,1009.23,jennifer22@example.net
"Reynolds, Reyes and Hardin",4518.35,bestjason@example.net
Delgado Ltd,2232.75,amandamitchell@example.org
"Schaefer, Wilson and Vincent",4457.76,megan92@example.net
"Richards, Roman and Porter",3749.09,ofischer@example.net
Elliott-Terry,3339.94,clinejohn@example.com
"Marshall, Wong and Hernandez",3738.25,ufloyd@example.org
Bryant Inc,1446.38,michelewhite@example.com
Davis-Mcdonald,750.98,richardsonvictoria@example.net
Wilson-Williamson,4887.44,martinsusan@example.org
Smith Inc,3707.5,jeremyrodriguez@example.net
"Davis, Cruz and Wilson",4999.16,rtaylor@example.org
"Harrison, Stafford and Hunt",2801.19,smallmichael@example.com
"Mack, Frank and Watkins",259.71,john35@example.org
Mayo LLC,2589.84,billydawson@example.org
Cook Inc,2259.89,timothy51@example.com
"Goodman, Fuller and Mcdaniel",2702.49,sharpbarbara@example.com
"Lambert, Dixon and Evans",4133.64,bcarroll@example.org
Miller Group,1733.21,scook@example.com
Keith-Oconnor,215.91,john05@example.org
Martin-Gardner,910.07,howardjocelyn@example.net
"Fox, Andersen and Burgess",404.52,david00@example.com
Adams-Decker,1525.68,davislisa@example.com
Carter-Buchanan,3850.22,ylee@example.org
"Fuller, Moses and Hawkins",2938.16,lynn97@example.net
Villa-Maxwell,772.72,marcus35@example.net
"Vazquez, Cooley and Hayes",287.67,tpearson@example.org
Diaz PLC,1497.61,diane43@example.org
Sutton LLC,4925.24,smithjeremy@example.net
Armstrong-Harper,2581.65,edwardsjohn@example.org
"Watkins, Harris and Murphy",1440.78,johnsonearl@example.org
Scott-Tran,4384.48,haroldgarcia@example.com
Perez PLC,2472.81,glenn63@example.com
"Walker, Harris and Green",1637.6,dylan99@example.net
Ho-Robinson,504.9,chendavid@example.com
Johnson-Lewis,2297.77,gregory82@example.com
Barron-Gomez,843.18,phillipshannah@example.org
Weiss-Martin,225.54,tsnyder@example.net
"Wallace, Porter and Morales",4971.24,ashley86@example.com
"Robinson, Lawson and Jackson",1270.85,ylarson@example.com
Whitehead-Greer,3954.69,hernandezcarolyn@example.net
Thomas-Smith,4004.05,smartinez@example.com
Martin-Morris,3428.17,hayesbenjamin@example.org
Harris LLC,2932.38,wperry@example.com
"Rodriguez, Davis and Garcia",3506.85,johngonzalez@example.org
"Knox, Marquez and Blankenship",2832.22,olivialopez@example.com
Howard Inc,2443.37,samueltorres@example.org
Castillo Ltd,1893.17,joseph62@example.net
Fleming-Kent,1164.27,vross@example.net
Gonzalez-Rivera,3471.53,markharrison@example.net
Hurley and Sons,3602.93,yball@example.com
"Briggs, Martinez and Valencia",2051.3,dbuchanan@example.net
"Wolfe, Salazar and Long",4875.97,robinoconnell@example.net
Cortez Ltd,3057.03,martinezmichael@example.net
"Andrews, Smith and Allen",1850.0,jelliott@example.org
"Young, Adams and May",4343.34,pamjuarez@example.org
Villanueva Inc,1371.69,bowmansheila@example.com
Murray-Pena,4715.97,daniel33@example.net
Floyd LLC,1967.28,peter83@example.net
Kane LLC,4688.02,amanda70@example.net
Wright-Smith,403.0,matthew21@example.org
Mathis-Clark,4686.97,simpsonkeith@example.com
Payne Group,750.59,nataliehunt@example.com
"Weber, Rodriguez and Rodriguez",2986.98,dabbott@example.net
Brewer-Solomon,4349.05,stephen64@example.net
Pollard Inc,3552.88,arthur01@example.org
Byrd and Sons,111.2,rthomas@example.org
Burgess PLC,1157.49,allison97@example.net
Kim Group,972.07,paigeperry@example.net
Love-Ewing,1526.17,jamescontreras@example.net
Nelson-Sutton,4959.2,william13@example.com
"Meadows, Palmer and Cummings",573.29,jeffersonjohn@example.net
"Barron, Perez and Huffman",1936.37,taylorbethany@example.org
Stephens-Cisneros,825.81,christophermoore@example.org
Merritt Ltd,3680.07,johnfrancis@example.org
"Gutierrez, Reed and Baker",2209.38,butleradam@example.net
"Franklin, Anderson and Tate",2362.31,dunlapjose@example.net
Jenkins and Sons,2584.14,zachary79@example.org
Bailey-Miller,2028.1,kclark@example.net
Mckee-Duke,3366.13,katherineweber@example.org
Knight-Jenkins,2411.02,michaelroman@example.net
"Briggs, Ritter and Hayes",577.03,jaclynford@example.org
"Thomas, Barnes and Robinson",1587.37,bryanjohn@example.com
"Johnson, Gordon and Hernandez",3979.49,arnoldkaren@example.com
Lee and Sons,1906.48,rachel50@example.org
Green-Reed,3160.36,msimon@example.net
Stone Inc,1443.73,davismelissa@example.org
"Barnett, Dixon and Molina",1553.35,lcook@example.net
"Lopez, Carter and Graham",2309.68,toddjasmine@example.org
"Baker, Williams and Buckley",2393.98,jamie27@example.org
"Clark, Carey and Robinson",4165.9,psilva@example.net
"Henson, Smith and Myers",554.08,christinebarker@example.net
Carey-Boyle,4906.13,kimberly20@example.org
"Wiley, Porter and Bradford",377.13,vwhite@example.org
Chavez-May,4462.47,elijah56@example.org
"Chan, Whitaker and Porter",2613.51,ygillespie@example.org
Moore Group,913.78,kelly61@example.net
"Parker, Medina and Robbins",708.37,griffinlarry@example.com
"Wilson, Fuller and Ramirez",3612.68,diazjason@example.org
Montoya Group,4240.18,lwu@example.com
"Carr, Morris and Kerr",4957.51,dflowers@example.net
Mendoza-Baldwin,4189.89,vjohnson@example.com
"Mitchell, Calhoun and Mccoy",134.91,gedwards@example.com
Spence and Sons,3946.39,tina86@example.org
Brown-Hendricks,2601.96,debrasnyder@example.net
Garcia-Torres,1639.68,ashley51@example.org
"Calderon, Burton and Hinton",2903.68,colemandiane@example.com
Carney Ltd,595.82,vhicks@example.org
Jackson-Chavez,365.07,caldwellbarbara@example.net
Morris-Schultz,4910.68,eric05@example.com
"Brooks, Nelson and Turner",145.55,peterjenkins@example.com
Vincent Ltd,687.95,pateljacqueline@example.net
Scott Inc,688.09,william74@example.net
Carr LLC,1411.3,jamescoleman@example.net
Hogan Inc,1961.21,hballard@example.net
Nielsen Inc,3891.54,howardmaynard@example.com
"Smith, Martinez and Ross",2619.51,gardnerallison@example.net
Gordon-Thomas,4043.4,quinnamanda@example.org
Lewis PLC,3116.09,daniel70@example.net
Cunningham Group,1235.29,moconnor@example.com
Morgan LLC,1600.25,ryan85@example.net
Odonnell LLC,2364.69,johnsoncolleen@example.com
Perry Inc,2420.89,normanbradley@example.com
Waller-Mack,2627.38,cbrewer@example.org
Cole-Larson,4237.98,shawrobert@example.net
"Mccarthy, Stewart and Burke",2544.4,sarah36@example.net
Ramsey and Sons,473.4,rbailey@example.com
Abbott and Sons,3585.94,gmontoya@example.org
Pacheco LLC,254.06,qnewman@example.com
Zuniga Inc,3794.88,simmonskayla@example.org
Tran-Morris,2583.91,harmonjennifer@example.org
"Lopez, Gomez and Berry",4940.52,njenkins@example.com
"Erickson, Waters and Graham",1040.88,kathy48@example.com
Le-Dean,2603.67,karencooley@example.net
Rodriguez-Salazar,2946.26,whernandez@example.net
"Robinson, Owens and Williams",1998.92,wagnercatherine@example.net
"Rhodes, Jenkins and Young",2726.42,robertstone@example.com
"Conway, Russell and Oconnor",2690.98,kelly51@example.com
Burns Group,129.99,ericamartin@example.com
Wilson-Chapman,1076.56,lindavazquez@example.com
"Martinez, Price and Ellis",4655.79,noahharrison@example.com
Evans-Martinez,262.83,hinesmichael@example.net
Black Inc,183.21,jeremy08@example.com
"Thornton, Wall and Smith",2559.82,mendozawilliam@example.org
"Greer, Craig and Marshall",2047.72,arnoldvalerie@example.org
Black-Matthews,1611.13,shafferjohnny@example.net
Roach-Crane,2851.68,robert84@example.org
Day Ltd,3197.81,amanda01@example.net
"Allen, Mann and Ryan",586.37,lopezgrace@example.net
Howard-Stephens,2878.79,sarahwalker@example.org
Aguilar-Morgan,665.95,vgreen@example.com
Johnson-Thompson,1890.37,twinters@example.net
Hill-Atkinson,421.1,amyrichardson@example.net
James-Clark,3478.86,rebecca77@example.org
"Smith, Camacho and Bryant",4052.46,johnlara@example.org
"Morales, Long and Benton",3902.81,gatesmelinda@example.org
"Dominguez, Goodman and Munoz",2477.93,meghan29@example.org
Gomez-Blackwell,2881.48,joshuabowen@example.com
Reyes-Jimenez,1788.71,wooddonna@example.com
Schroeder Ltd,3245.02,bushjustin@example.org
Baxter Ltd,1240.36,ymorgan@example.net
Molina Inc,4483.47,rkennedy@example.net
Barnes LLC,1703.84,davidmcpherson@example.net
"Pope, Barton and Elliott",4686.57,ethomas@example.org
"Williams, Jones and Dodson",3377.45,jordan30@example.net
"Gutierrez, Nguyen and Woodard",4364.32,timothy90@example.net
Olson-Hernandez,1591.33,thomas22@example.net
"Ellison, Adams and Fuentes",844.12,woodardwilliam@example.com
"Perry, Huerta and Lee",1701.97,elizabeth45@example.net
Matthews LLC,4929.66,jacobharrison@example.net
Turner-Hughes,1070.32,serranokenneth@example.net
"Martinez, Patterson and Tucker",2429.0,christinaporter@example.org
"Wallace, Shah and Hawkins",3547.59,mwebb@example.net
Ray-Reese,4276.89,dfernandez@example.net
Henderson-Shaffer,807.25,wesleyking@example.net
Meyer Inc,2724.0,amiller@example.net
Craig-Phillips,4035.39,timothycantu@example.net
Lawrence-Sims,2613.62,shawn18@example.com
"Singleton, Hull and Garcia",2157.66,vsilva@example.com
"Rios, Peterson and Brown",3384.77,ywashington@example.net
Schultz-Horn,1630.25,thoward@example.org
"Herring, Carter and Frazier",1719.0,burchstephen@example.net
Haney-Jensen,2508.23,kaylaharvey@example.org
Weber Inc,4766.14,jasminemeadows@example.com
Miller-Lopez,4998.32,john45@example.org
"Mayo, Gutierrez and Yang",2394.16,sydney60@example.org
Garza Ltd,3915.0,darylallison@example.org
White-Key,1716.65,lanefelicia@example.net
"Frank, Norton and Macdonald",1034.96,royosborne@example.com
Johns Group,958.16,teresa16@example.org
Walker-Page,4026.49,wrightchristine@example.net
Jackson-Trujillo,2756.3,juliejarvis@example.net
Smith-Robinson,1515.17,angela30@example.com
Young-Miller,1364.41,bvillarreal@example.org
Green-Macias,2226.73,melanieford@example.com
Brown-Woodard,1228.03,jasonporter@example.net
Jackson and Sons,3648.7,asanchez@example.org
"Green, Palmer and Burgess",4467.65,kentcarolyn@example.net
Cowan and Sons,2963.96,theresa56@example.com
Martinez-Garcia,1936.29,mariaking@example.net
"James, Evans and Hudson",4155.93,bflores@example.com
Murray-Hicks,3974.24,eric28@example.com
"Hahn, Ali and Miller",4845.38,brandongonzalez@example.com
Taylor Inc,4100.27,cervantesstephen@example.com
"Rubio, Blackwell and Ortiz",305.31,jane28@example.com
Johnson-Jones,572.04,davidhopkins@example.net
Casey and Sons,3508.95,vkey@example.com
Graham and Sons,4990.28,jrojas@example.org
"Ortiz, Greene and Skinner",3773.53,christopherwinters@example.net
"Odom, Howell and Henry",2908.35,richarddiaz@example.org
"Juarez, Patterson and Roberts",3028.56,radams@example.com
Morrison Inc,2908.14,millershelby@example.net
"Cisneros, Lucas and Jenkins",3844.81,ibailey@example.net
Barrera Group,585.22,carl49@example.com
Cole PLC,4951.85,amandaelliott@example.net
Juarez Inc,252.08,jeremypoole@example.com
Cain-Johnson,4285.73,dawn08@example.com
"Mcgee, Malone and Austin",4850.58,smithjohn@example.com
"Howell, Anderson and Carter",963.8,paulrogers@example.net
"Walton, Roy and Smith",997.82,robertmarshall@example.com
"Griffin, Cook and Coleman",4328.35,michael55@example.com
Graham-Baker,155.25,monroejennifer@example.com
Burch-Huffman,1370.53,jessicadavis@example.net
Anderson Ltd,2873.39,aaroncalderon@example.com
Jacobson Ltd,3091.03,micheal85@example.org
Thompson Inc,2777.79,jenniferwalton@example.net
Harrell Ltd,4939.54,lovejoseph@example.net
Evans-Shepard,2317.27,petersensara@example.org
Miller Ltd,4939.2,montgomerycourtney@example.net
"Lee, Jordan and Davidson",1818.53,belinda68@example.org
"Martin, Lewis and Gates",4299.66,gmendoza@example.com
Morales PLC,2565.75,donaldburke@example.com
Stewart-Henderson,3148.67,kturner@example.com
Lee LLC,4140.63,kochdebra@example.com
Russo Ltd,4029.12,zperez@example.org
Rodriguez-Long,3081.22,jsullivan@example.net
Mcdaniel PLC,2444.99,khayes@example.com
"Orozco, Johnson and Elliott",188.14,garciajennifer@example.com
"Gonzalez, Williams and Brown",669.19,jacksonpaul@example.com
Olson-Clarke,2335.15,martinezkevin@example.org
"Zimmerman, Garcia and Garcia",2912.26,ujames@example.com
Miller-Matthews,142.61,jesusanthony@example.net
Webb and Sons,710.45,dlopez@example.net
"Maldonado, Higgins and Christensen",556.34,garciamatthew@example.com
Hill-English,887.71,emilyeverett@example.net
Matthews PLC,455.23,hooddaniel@example.org
Curtis Group,3172.28,hcardenas@example.net
Hall and Sons,3887.73,kelleykristen@example.org
White and Sons,2425.69,karen87@example.org
"Taylor, Adams and Lucero",1390.87,jhernandez@example.net
"Smith, Fuller and Branch",698.44,jenniferwilson@example.com
Garcia-Molina,2374.11,amandabell@example.com
Edwards-Neal,4568.79,beth21@example.com
Owen-Smith,1249.93,edward31@example.org
Garcia PLC,3212.97,ogarza@example.net
Hall-Avila,2322.39,john02@example.com
"Butler, Franco and Williams",2389.38,aanderson@example.org
Woodard Inc,4676.37,david85@example.net
Hardy-Herrera,3202.91,howardalexandra@example.org
Martinez Inc,3898.28,christopherturner@example.com
Jones Inc,4228.09,catherinephillips@example.net
"Jones, Bernard and Paul",1702.67,sierrarodriguez@example.com
Stokes-Pittman,3099.67,johnny35@example.org
Skinner PLC,321.33,barbara88@example.net
"Gaines, Norman and Wilson",3748.05,timothykline@example.net
Taylor and Sons,535.34,vanessa58@example.com
Cole Ltd,4579.1,woodnicole@example.org
Bender-Underwood,4303.13,kmassey@example.net
"Mcbride, Carpenter and Suarez",685.06,tammywiggins@example.net
Walker Inc,4300.5,liujennifer@example.org
Murillo PLC,4809.56,alogan@example.net
"Hodges, Anderson and Dominguez",208.0,pittssuzanne@example.net
Cooper LLC,1980.93,timothy88@example.net
Davis LLC,1937.58,perkinsemily@example.org
Walker Inc,2604.78,debbieknight@example.net
Maxwell Group,4645.17,oburns@example.com
Jimenez-West,2742.51,ywilliams@example.com
Farmer Group,2011.79,fblackwell@example.com
Gonzales Group,122.03,jennifer67@example.org
"Chavez, Smith and Bowen",3847.63,blacktammy@example.org
"Garcia, Graves and Miller",4882.91,timothy60@example.net
"Williams, Petty and Hicks",4111.69,gevans@example.com
"Hobbs, Johnson and Brown",1419.16,jsmith@example.com
Martinez-Martin,1030.4,washingtonelizabeth@example.org
Kramer Group,4575.42,donna02@example.org
Mckinney-Oconnor,4852.57,heather14@example.net
"Gray, Carrillo and Murphy",4776.13,robertslauren@example.net
Stephens Group,1631.02,david24@example.com
Perry-Krueger,2409.91,asanchez@example.org
"Lambert, Taylor and Bell",113.7,omartin@example.com
Wilson-Davis,1732.47,seanglass@example.net
Brown-Serrano,4392.62,lisaperez@example.net
Williams-Wyatt,3368.51,tfoster@example.com
"Miller, Luna and Kelly",3837.11,christyhill@example.org
Reed-Austin,461.94,biancaclark@example.net
"Patrick, Graham and Burton",3909.81,michael01@example.org
"Burton, Johnson and Massey",2637.58,imoore@example.org
"Roberts, Hernandez and Ball",2535.14,wendystewart@example.org
Hamilton-Pope,3987.79,svalencia@example.org
Villa Ltd,4287.61,rfarmer@example.com
"Wood, Duke and Rodriguez",3350.83,rodgerstommy@example.org
"Walker, Marsh and Russell",2712.19,jacquelineacosta@example.com
Grant-Donovan,1293.23,loricruz@example.org
Nichols-Rivera,2033.04,jacobgamble@example.com
Stewart Inc,3066.73,penakathleen@example.net
"Turner, Matthews and Campbell",384.53,amylynn@example.net
"Ochoa, Serrano and Daniel",1553.94,zachary26@example.com
Martinez Ltd,2524.02,savannahwoods@example.com
"Smith, Church and Griffin",2342.05,burnsmike@example.net
Robinson-Stewart,3111.32,adamsmichelle@example.org
"Wilson, Long and Johnson",4035.49,nayers@example.net
Jenkins-Price,2798.65,stephenrogers@example.com
Dalton-Williams,3592.84,qporter@example.net
"Bell, Mcclain and Bernard",4293.4,zrichard@example.org
"Davis, Terry and Parrish",3129.33,gregory24@example.net
Campbell-Jordan,4009.25,davidhudson@example.org
"Cook, Lamb and Harris",1635.99,qramirez@example.com
Mills-Walker,1189.96,znolan@example.org
"Burton, Robinson and Gonzalez",412.45,heatherblackwell@example.org
"Hill, Doyle and Peters",518.09,kristinarios@example.org
"James, Mendez and Nunez",2879.72,qwilson@example.org
Finley-Porter,391.57,jennifer47@example.com
Cox and Sons,1101.86,qferguson@example.net
"Miller, King and Mccarty",4260.13,smithmegan@example.net
Knight-Coleman,2513.48,ahenderson@example.com
Ruiz-Wright,897.66,ronald62@example.net
"Wright, Boyle and Curry",4951.7,aaronalvarez@example.com
Heath Group,4992.57,bryantarthur@example.org
Cohen Inc,625.2,urichardson@example.org
Guerrero and Sons,3832.04,ashleyhumphrey@example.org
"Maxwell, Shaw and Kaufman",976.44,laurenjones@example.org
"Walker, Evans and Buchanan",2458.04,martinezdonna@example.net
Robinson-Miranda,2522.53,jcollins@example.com
Diaz-Roman,4774.75,peter60@example.net
Hardy-Rodriguez,3570.59,morameghan@example.net
Wu-Owen,3581.12,lewisveronica@example.org
"Reyes, Miller and Kelly",3879.33,pwiggins@example.com
Moran Ltd,1388.71,fmiller@example.com
"Martinez, Leon and Gonzalez",4309.57,kristysexton@example.org
"Chang, Jimenez and Martin",1068.06,brentmartinez@example.org
